"utility_name","effective_date","bill_frequency","bill_unit","usage_ccf","hhsize","et_amount","bill_type","service_charge","commodity_charge","bill","tier_starts","tier_prices"
"Alameda County Water District",2018-03-01,"Bi-Monthly","ccf",9,3.05628249814296,7.78438465116279,"Uniform",26.16,36.49,62.66,NA,"4.249"
"Amador Water Agency",2017-10-01,"Monthly","ccf",8.45989976470588,3,4.43517086363636,"Uniform",25.08,20.64,45.72,NA,"2.44"
"American Canyon  City Of",2017-06-01,"Monthly","ccf",9.05509813832564,3.25012423389101,3.75068363636364,"Tiered",6.4,49.23,55.63,"0
9
21","5.33
6.25
6.54"
"Anaheim City of",2016-02-01,"Monthly","ccf",10.3790633736565,3.14614798460366,4.43757590909091,"Uniform",12.97,5.19,18.16,NA,"0.5"
"Antioch  City Of",2017-07-01,"Monthly","ccf",10.2575915661487,2.99416882636061,4.55730188636364,"Tiered",21.2,32.52,53.72,"0
12","3.17
5.24"
"Apple Valley Ranchos Water Company",2017-01-01,"monthly","ccf",15,3,4,"Tiered",34.73,63.14,97.87,"0
12
24","4.039
4.677
5.315"
"Arcadia  City Of",2017-04-01,"Bimonthly","ccf",19,2.79701348230112,9.14833409090909,"Tiered",10.17,32.52,42.69,"0
23
49
67","1.54
1.88
2.13
2.29"
"Arcata  City Of",2017-10-01,"Monthly","ccf",4.18524809817265,2.16500579374276,4.22563388636364,"Tiered",12.16,14.09,26.25,"0
3
5","3.1
3.34
6.54"
"Arrowbear Park County Water District",2016-12-19,"Monthly","ccf",15,3,4,"Tiered",27.5,58.5,86,"0
7","0
6.5"
"Arroyo Grande  City Of",2017-08-09,"Monthly","ccf",9.01522176028517,2.41477793790122,4.01337136363636,"Tiered",34.34,36.6,70.94,"0
18
36","4.06
4.47
5.96"
"Azusa  City Of",2017-07-01,"Monthly","ccf",10.7631136408107,3.31446747383542,4.49060636363636,"Tiered",14.87,15.79,30.66,"0
5
15","1.05
1.714
2.162"
"Bakersfield  City Of",2017-10-01,"Monthly","ccf",19.6057343701561,2.79514351459368,4.99323727272727,"Uniform",11.46,21.37,32.83,NA,"1.09"
"Bear State Water Works",2017-08-15,"Monthly","kgal",15,3,4,"Tiered",4.17,14.6,18.77,"0
6
12","0
2.25
5"
"Bellflower-Somerset Mutual Water Company",2014-10-01,"bimonthly","ccf",9,2.89073482428115,8.57701454545455,"Uniform",14.18,16.29,30.47,NA,"1.75"
"Benicia  City Of",2017-07-01,"Bi-Monthly","ccf",7,2.39526825188195,8.01264359090909,"Uniform",15.08,29.48,44.56,NA,"4.13"
"Beverly Hills City of",2017-07-03,"Bimonthly","ccf",11,2.01374914636922,9.27912227272727,"Tiered",21.68,52.83,74.51,"0
11
56
121","3.9
5.15
8.12
15.68"
"Big Bear City Community Service District",2017-07-01,"Bi-Monthly","ccf",6,2.39377406931964,9.01828181818182,"Tiered",36.98,12.17,49.15,"0
13
39","1.9
2.04
2.83"
"Big Bear Lake  City Of",2017-04-01,"Bi-Monthly","ccf",15,3,8,"Tiered",45.6,33.46,79.06,"0
9
25
41
61
100","0
2.75
3.82
5.69
9.69
13.03"
"Blythe  City Of",2017-07-01,"Monthly","ccf",15,3,4,"Uniform",10.66,29.55,40.21,NA,"1.97"
"Brawley  City Of",2018-07-01,"Monthly","kgal",14,3.00106302201974,5.92689159090909,"Uniform",38.24,18.95,57.19,NA,"1.82"
"Brea  City Of",2017-07-01,"Monthly","ccf",10.2317690340411,2.64248381308994,4.32951886363636,"Tiered",15.93,36.99,52.92,"0
11
21
30","3.59
4.69
6.18
7.24"
"Brentwood City of",2016-07-01,"monthly","ccf",11.3252260293147,2.6736798679868,4.69221159090909,"Tiered",29.83,43.82,73.65,"0
6
15
22","2.49
4.96
5.93
6.52"
"Buena Park  City Of",2018-01-01,"Monthly","kgal",11,3.2005415737496,4.25825977272727,"Uniform",38.61,17.49,56.1,NA,"2.21"
"Burbank City of",2017-01-02,"monthly","ccf",9.19047848524212,2.35914392208729,4.77442909090909,"Tiered",12.29,11.55,39.37,"0
16
31","1.257
1.548
1.948"
"Burlingame City Of",2017-01-01,"Bi-Monthly","kgal",6,2.34445853813223,8.03494238095238,"Tiered",36.36,43.58,79.94,"0
4
8
16
24","8.47
9.5
10.54
11.58
12.61"
"Calaveras County Water District",2017-09-01,"Bi-Monthly","ccf",15,3,8,"Tiered",85.17,11.52,96.69,"0
15
90
180","0
1.44
1.8
2.3"
"Calaveras Public Utilities District",2016-07-01,"Monthly","kgal",15,3,4,"Tiered",39.73,11.55,51.28,"0
5
20
250","0
1.6
2.6
2.2"
"Calexico  City Of",2008-08-01,"Monthly","ccf",13.1350552243971,3.39473301324022,6.07298159090909,"Tiered",43.89,0,43.89,"0
30","0
2.22"
"California-American Water Company San Diego District",2018-01-01,"Monthly","kgal",7,2.86193712829227,4.24876431818182,"Tiered",11.1,34.41,45.51,"0
6
11
22","6.386
7.299
10.747
14.217"
"California American Water Company - Sacramento District ",2018-01-01,"Monthly","kgal",15,3,4,"Tiered",19.84,46.7,66.54,"0
14","4.162
4.536"
"California American Water Ventura District ",2017-01-13,"Monthly","kgal",15,2.7083557687601,4.51579181818182,"Tiered",14.73,58.74,73.47,"0
8.97
17.94
44.86","4.94
6.334
8.424
12.414"
"California City City Of",2017-07-01,"Monthly","ccf",12.8810020738891,2.57272939528368,5.46478568181818,"Tiered",52.99,6,58.99,"0
9
15
25
40","0
1.23
2.58
3.25
3.93"
"California Water Service Company Antelope Valley",2017-01-01,"monthly","ccf",15,3,4,"Tiered",31.02,65.35,96.37,"0
16
36","4.3569
4.6233
5.5433"
"California Water Service Company Bakersfield",2017-01-01,"monthly","ccf",16.8617796037625,3.04819582253211,4.99993522727273,"Tiered",23.47,31.41,54.88,"0
14
35","1.8278
1.9818
2.3088"
"California Water Service Company Bear Gulch",2017-01-01,"monthly","ccf",14.6343548302105,2.62642080101468,3.76062659090909,"Tiered",30.44,100.53,130.97,"0
11
36","6.736
7.158
8.5607"
"California Water Service Company Chico District",2017-01-01,"monthly","ccf",11.3224289927724,2.30580689497194,4.33272245454545,"Tiered",20.62,18.03,38.65,"0
11
32","1.581
1.6774
1.7736"
"California Water Service Company Dixon, City of",2017-01-01,"monthly","ccf",12.1054894032459,3.19943820224719,4.71894613636364,"Tiered",38.03,47.56,85.59,"0
11
28","3.8471
4.3176
4.659"
"California Water Service Company Dominguez",2017-01-01,"monthly","ccf",8.56413339575491,3.06748776784208,4.40347704545455,"Tiered",25.5,27.86,53.36,"0
12
18","3.2532
3.5271
4.109"
"California Water Service Company East Los Angeles",2017-01-01,"monthly","ccf",6.19966461029509,3.49347500079768,4.55640022727273,"Tiered",25.08,21.37,46.45,"0
9","3.4469
4.2477"
"California Water Service Company Hermosa Redondo",2017-01-01,"monthly","ccf",7.24251987787512,2.31494749239376,4.55011636363636,"Tiered",17.81,30.36,48.17,"0
11
16","4.1926
4.5493
5.3521"
"California Water Service Company Kern River Valley",2017-01-01,"monthly","ccf",15,3,4,"Uniform",79.14,178.26,257.4,NA,"11.8841"
"California Water Service Company King City",2017-04-15,"monthly","ccf",6.90467307294832,3.55281837160752,4.49508681818182,"Tiered",27.91,21.07,48.98,"0
7
18","3.0297
3.1999
3.5755"
"California Water Service Company Livermore",2017-01-01,"monthly","ccf",15,3,4,"Tiered",27.96,55.48,83.44,"0
10
24","3.6063
3.8364
4.6035"
"California Water Service Company Los Altos Suburban",2017-01-01,"monthly","ccf",12.0249327682453,2.74818905311028,3.77873181818182,"Tiered",26.82,53.48,80.3,"0
11
28","4.4004
4.6813
5.6176"
"California Water Service Company Marysville",2017-01-01,"monthly","ccf",9.63668061487032,2.55547112462006,4.37786131818182,"Tiered",34.68,24.46,59.14,"0
10
22","2.5234
2.7429
3.1541"
"California Water Service Company Oroville",2017-01-01,"monthly","ccf",8.11030889918752,2.47795758928571,4.37685811363636,"Tiered",46.72,21.39,68.11,"0
9
23","2.6342
2.8284
3.3301"
"California Water Service Company Palos Verdes",2017-01-01,"monthly","ccf",19.4318285471576,2.62449310624493,4.43677863636364,"Tiered",31.02,85.84,116.86,"0
16
36","4.3569
4.6233
5.5433"
"California Water Service Company Redwood Valley",2017-01-01,"monthly","ccf",9.67237504456328,3,3.80943506818182,"Tiered",23.9,61,84.9,"0
8
13","6.1755
6.6493
8.2379"
"California Water Service Company Salinas District",2017-04-15,"monthly","ccf",7.82225612513426,3.10877403846154,3.42045318181818,"Tiered",27.91,24.01,51.92,"0
7
18","3.0297
3.1999
3.5755"
"California Water Service Company Selma",2017-04-15,"monthly","ccf",16.0595799317167,3.42637195121951,4.88816818181818,"Tiered",33.08,26.56,59.64,"0
13
35","1.6457
1.6786
1.7986"
"California Water Service Company Stockton",2017-01-01,"monthly","ccf",8.11038307444298,2.90086106132627,4.65774113636364,"Tiered",26.31,24.44,50.75,"0
10
21","3.0138
3.2666
3.7063"
"California Water Service Company Visalia",2017-01-01,"monthly","ccf",15,3,4,"Tiered",15.2,21.32,36.52,"0
12
30","1.4144
1.4398
1.6057"
"California Water Service Company Westlake",2017-04-15,"monthly","ccf",21.222815331439,2.35136094674556,4.66330840909091,"Tiered",39.98,96.6,136.58,"0
14
45","4.2435
5.0389
5.5726"
"California Water Service Company Willows",2017-01-01,"monthly","ccf",10.4070802573686,2.48708487084871,4.37719761363636,"Tiered",52.59,20.95,73.54,"0
9
26","1.9794
2.1263
2.2929"
"Camarillo  City Of",2018-01-01,"Monthly","ccf",9.45187844971245,2.71680138568129,4.39692659090909,"Tiered",23.11,15.62,38.73,"0
10
19
25","1.55
3.69
4.68
6.52"
"Cambria Community Services District",2017-03-01,"Bi-Monthly","ccf",4,2.14922480620155,8.74640090909091,"Tiered",13.26,27.59,40.85,"0
5
17","6.76
8.84
9.87"
"Carlsbad Municipal Water District",2017-01-01,"Monthly","ccf",10.1109939801726,2.45582990018525,4.32170613636364,"Tiered",32.54,38.91,71.45,"0
11
19","3.84
4.57
6.82"
"Carmichael Water District",2018-01-01,"Bi-Monthly","ccf",15,2.23889731065072,9.2082543902439,"Uniform",25.93,20.69,46.62,NA,"1.4"
"Carpinteria Valley Water District",2017-07-01,"Monthly","ccf",8.39013168944346,2.5219298245614,4.12850659090909,"Tiered",42.83,34.25,77.08,"0
6","3.63
4.75"
"Castroville Community Services District",2017-08-01,"Monthly","ccf",15,3,4,"Uniform",18.33,24.15,42.48,NA,"1.61"
"Chino Hills  City Of",2017-07-01,"Monthly","ccf",13.4807349624706,2.96999686534414,4.48848454545455,"Budget",29.54,30.44,59.98,"0
indoor
100%","2.09
2.37
3.31"
"Citrus Heights Water District",2017-11-08,"Bi-Monthly","ccf",14,2.45848273639257,8.7573135,"Uniform",23.76,14.24,38,NA,"1.0167"
"City of Bakersfield",2017-06-01,"monthly","ccf",15,3,4,"Uniform",9.88,14.1,23.98,NA,"0.94"
"City of Gonzales",2017-07-01,"Monthly","ccf",15,3,4,"Tiered",0,27.3,27.3,"0
26
31
51","1.82
1.89
2.07
2.29"
"City of Lindsay",2009-01-01,"Monthly","ccf",15,3,4,"Uniform",19.97,15.3,35.27,NA,"1.02"
"City of North Las Vegas Utility",2016-10-01,"Monthly","kgal",15,3,4,"Tiered",10.64,24.24,34.88,"0
7
16
25","1.9
2.46
3.2
4.14"
"City of Oceanside",2017-01-01,"Monthly","ccf",8.07529544764336,2.58848781766643,4.47429204545455,"Tiered",15.2,19.78,34.98,"0
14","2.45
3.06"
"City of Tehama",2017-07-01,"Monthly","kgal",15,3,4,"Tiered",31.2,0.46,31.66,"0
11
21
31","0
0.38
0.5
0.63"
"City of Vacaville",2016-01-01,"Bi-Monthly","ccf",12,2.64795242141037,9.13956522727273,"Uniform",19.6,20,39.6,NA,"1.67"
"City of Winters",2015-09-01,"Monthly","ccf",15,3,4,"Uniform",20.03,29.4,49.43,NA,"1.96"
"Clovis  City Of",2017-01-07,"Bi-Monthly","kgal",16,2.75724107463346,9.98790545454546,"Tiered",10.93,11.23,22.16,"0
23
40","0.89
1.49
1.83"
"Coachella Valley Water District",2016-08-01,"Monthly","ccf",19.5866534472944,2.36285720967214,6.23946818181818,"Budget",6.92,29.23,36.15,"0
indoor
100%
175%
300%","0.95
1.32
2.46
4.67
6.13"
"Coastside County Water District",2017-07-01,"Bi-Monthly","ccf",5,2.39410272669626,7.65995772727273,"Tiered",39.23,57.42,96.64,"0
4
16
30","9.65
10.77
13.89
18.41"
"Colton  City Of",2017-07-01,"Monthly","ccf",11.8448914435333,3.0394401108114,5.01780829268293,"Tiered",25.29,19.43,44.72,"0
18","1.64
2.39"
"Compton City of",2014-07-01,"Monthly","ccf",8.00182389311575,3.58282957129388,4.47779263157895,"Tiered",30.54,21.36,51.9,"0
20","2.67
3.09"
"Contra Costa Water District",2017-09-05,"Bi-Monthly","ccf",10,2.58126149713912,8.72608454545455,"Tiered",8.97,37.39,46.36,"0
40","3.91
7.82"
"Corcoran  City Of",2018-04-01,"Monthly","ccf",21.619614435696,3.24050632911392,4.93371341463415,"Uniform",27,35.89,62.89,NA,"1.66"
"Corona City Of",2014-02-01,"monthly","ccf",13.0922143439786,2.99144359369065,4.71083159090909,"Budget",25.23,27.49,52.72,"0
indoor
101%
121%
140%","2.1
2.33
3.17
6.35
11.64"
"Covina  City Of",2015-07-01,"Monthly","ccf",12.7378367913449,2.92428819921267,4.32241171052632,"Tiered",33.24,34.52,67.76,"0
16","2.71
3.02"
"Crescent City",2017-07-01,"Monthly","ccf",15,3,4,"Tiered",22.49,28.82,51.31,"0
5","0
2.62"
"Crescenta Valley Water District",2017-07-01,"Bi-Monthly","kgal",10,2.69670223084384,9.50259090909091,"Tiered",23.96,40.83,64.79,"0
11
27","4.58
7.21
10.89"
"Crestline Village Water District",2017-01-01,"Monthly","ccf",4.30793142500219,2.13071613459879,4.84249023255814,"Tiered",26.5,18.09,44.59,"0
13","4.2
6.3"
"Cucamonga Valley Water District",2017-07-01,"Bi-Monthly","ccf",14,2.86087534257952,9.44991681818182,"Tiered",20.88,27.92,48.79,"0
10
40
100","1.61
2.14
2.68
3.05"
"Davis  City Of",2019-01-01,"Monthly","ccf",9.35365348943243,2.48895655335394,4.66754818181818,"Uniform",13.07,46.86,59.93,NA,"5.01"
"Del Oro Water Company - Black Butte",2017-03-28,"Monthly","ccf",15,3,4,"Uniform",24.84,19.71,45.17,NA,"1.314"
"Del Oro Water Company - Magalia",2018-03-22,"Monthly","kgal",15,3,4,"Uniform",31.67,58.95,99.74,NA,"5.254"
"Delano  City Of",2017-07-01,"Monthly","ccf",10.9176622058153,3.52735695505196,4.85881113636364,"Tiered",26.78,20.99,47.77,"0
5
15","1.39
2.23
3.31"
"Desert Water Agency",2017-01-01,"monthly","ccf",12.6892616861775,1.88524217388009,5.73116318181818,"Uniform",14.41,19.92,36.36,NA,"1.57"
"Diablo Water District",2017-02-01,"monthly","ccf",11.7844557781547,3.20267070745336,4.72398840909091,"Tiered",11.05,38.5,49.55,"0
9","3.19
3.43"
"Dinuba  City Of",2017-10-01,"Monthly","kgal",15,3.55368552282998,4.92167046511628,"Tiered",11.86,15.68,27.54,"0
9","1.187
1.922"
"Discovery Bay  Town Of",2018-01-01,"Monthly","ccf",12.784292711003,2.38955386289445,4.72547181818182,"Uniform",18.02,25.76,43.78,NA,"2.015"
"Downey  City Of",2013-01-01,"Bi-Monthly","ccf",10,3.00364063417499,8.80798136363636,"Tiered",14.23,15.69,29.92,"0
16
31
70","1.397
1.816
2.904
5.519"
"Dublin San Ramon Services District",2017-01-01,"bimonthly","ccf",8,2.8860728245217,8.53685409090909,"Tiered",26.43,5.91,32.34,"0
11
35","0.55
1.16
1.55"
"East Bay Municipal Utility District",2017-07-12,"Bi-Monthly","ccf",7,2.48304589508251,7.71442186363636,"Tiered",22.6,28.71,51.31,"0
8
17","3.45
4.74
6.27"
"East Niles Community Service District",2017-04-01,"monthly","ccf",23.0707417650554,3.43090346186321,5.01336840909091,"Uniform",38.9,34.14,73.04,NA,"1.48"
"East Palo Alto  City of",2017-07-01,"Monthly","ccf",6.07330202533696,3.2717903930131,3.97836568181818,"Tiered",22.6,40.97,63.57,"0
6","6.3
8.82"
"East Valley Water District",2017-07-01,"Monthly","ccf",15.550278108385,3.13735080483265,4.93210340909091,"Budget",31.32,35.94,67.26,"0
indoor
100%","1.83
2.61
3.64"
"El Centro  City of",2017-01-01,"monthly","ccf",11.9802450772634,2.91591984694391,6.10133068181818,"Uniform",3.56,44.93,48.49,NA,"3.75"
"El Dorado Irrigation District - Main",2017-01-01,"bimonthly","ccf",14,2.52444969714877,9.17259418181818,"Tiered",29.94,22.16,52.1,"0
18
45","1.454
1.755
2.059"
"El Monte  City Of",2018-01-01,"Monthly","kgal",7,3.27669902912621,4.45869659090909,"Tiered",22.75,1.33,24.08,"0
13","0.256
0.444"
"El Segundo  City Of",2017-07-01,"Monthly","ccf",7.6816230557611,2.39382586542784,4.47586302325581,"Tiered",10.84,20.63,31.47,"0
10
20
50","2.6857
4.9428
5.6145
4.9428"
"El Toro Water District",2017-07-01,"Monthly","ccf",7.82242918084324,2.08609087111895,4.53353636363636,"Budget",20.48,20.81,41.29,"0
indoor
100%
130%","2.52
2.91
6.08
7.82"
"Elk Grove Water Service",2017-01-01,"monthly","ccf",10.6852709264091,2.76808224207563,4.5790055,"Tiered",64.73,16.24,80.97,"0
30.01","1.52
3.02"
"Elsinore Valley Municipal Water District",2017-07-01,"Monthly","ccf",12.6854364298878,3.11101217755663,4.984865,"Budget",23.77,33.39,57.16,"0
indoor
100%
130%","2.29
2.78
5.05
7.48"
"Escondido City of",2016-03-01,"monthly","ccf",9.61566591545839,3.10986103931645,4.49177951219512,"Tiered",30.11,53.2,83.31,"0
9.36
20.05","5.33
6.88
8.75"
"Estero Municipal Improvement District",2017-07-01,"Bi-Monthly","ccf",6,2.41517052419064,7.80718818181818,"Tiered",9.93,31.84,41.76,"0
20","5.03
6.06"
"Eureka  City Of",2017-07-01,"Monthly","ccf",5.48912815459122,2.16815878378378,4.28650322727273,"Uniform",25.15,11.8,36.95,NA,"2.15"
"Fair Oaks Water District",2018-01-01,"Bi-Monthly","ccf",17,2.45182310733636,8.58890813636364,"Uniform",35.8,8.3,44.11,NA,"0.5"
"Fairfield  City Of",2018-01-01,"Monthly","ccf",9.25476596238823,2.81388702084734,4.23734809090909,"Uniform",25.8,20.18,45.98,NA,"2.18"
"Fallbrook Public Utility District",2018-01-01,"Monthly","ccf",11.1923525560077,2.7961215932914,4.79482340909091,"Tiered",57.95,63.46,121.41,"0
6
31","5.62
5.71
6.95"
"Fillmore  City Of",2017-01-01,"Monthly","ccf",15.8479626060324,3.42988394584139,4.55849809523809,"Tiered",38.75,22.69,61.44,"0
11","0
3.88"
"Fontana Water Company",2017-09-15,"Monthly","ccf",15.00407138544,3.67517106352058,4.78898227272727,"Tiered",25.53,49.81,75.34,"0
17","3.32
3.8181"
"Fortuna  City Of",2017-09-11,"Monthly","ccf",8.15094961629116,2.5279665446942,4.2112326744186,"Tiered",23.04,7.89,30.93,"0
5","0
1.9"
"Fountain Valley  City Of",2017-07-01,"Monthly","ccf",7.89090452152949,2.80640934650871,4.29365909090909,"Uniform",7.28,25.96,33.24,NA,"3.29"
"Fresno City of",2016-07-01,"monthly","ccf",13.7338531895688,2.87881411456383,4.99828931818182,"Uniform",10.5,17.58,28.08,NA,"1.28"
"Fullerton City of",2017-07-01,"Bi-Monthly","kgal",12,2.83796202446111,8.61663136363636,"Tiered",7.39,29.17,36.56,"0
7.5
20","3.123
3.42
3.709"
"Galt  City Of",2017-03-21,"Monthly","ccf",16.0450298790357,3.12487100103199,4.53703241860465,"Uniform",19.45,14.28,33.73,NA,"0.89"
"Garden Grove City of",2016-07-01,"bimonthly","ccf",10,3.29040799366073,8.78148146341463,"Tiered",7.11,29.92,37.03,"0
37
251
501","2.92
3
3.09
3.18"
"Georgetown Divide Public Utility District",2011-07-11,"Bi-Monthly","ccf",14,2.53183635804368,9.00994140909091,"Tiered",23.57,5.6,29.17,"0
20
40
60
80","0
1.38
1.65
1.93
2.21"
"Gilroy  City Of",2017-07-01,"Monthly","kgal",10,3.20292393207949,3.92609954545455,"Tiered",9.53,24.9,34.43,"0
30","3.24
3.76"
"Glenbrook Water Cooperative",2016-01-01,"Annually","kgal",15,3,48,"Tiered",116.67,0,116.67,"0
250","0
34"
"Glendale City of",2016-07-01,"monthly","ccf",8.66731533860348,2.51983246745666,4.71909909090909,"Tiered",28.02,23.33,51.35,"0
6
12
25","2.45
3.02
3.43
4.17"
"Glendora  City Of",2017-04-01,"Bi-Monthly","ccf",16,2.75980148883375,9.03319772727273,"Tiered",40.88,38.65,79.52,"0
38","2.36
4.07"
"Golden State Water Company - Artesia",2018-01-01,"Monthly","ccf",8.96202951073483,3.16073559345827,4.20138590909091,"Tiered",25.79,35.99,61.78,"0
11
15","4.016
4.619
5.311"
"Golden State Water Company - Barstow",2018-01-01,"Monthly","ccf",10.5743207464532,2.92546008208659,5.55693295454545,"Tiered",23.4,41.23,64.63,"0
13
21","3.899
4.484
5.157"
"Golden State Water Company - Bay Point",2018-01-01,"Monthly","ccf",7.35743901939254,3.21740941274469,4.23941240909091,"Tiered",28.49,41.76,70.25,"0
8
14","5.635
6.48
7.452"
"Golden State Water Company - Claremont",2018-01-01,"Monthly","ccf",14.5723888715977,2.53320837747535,4.52835454545455,"Tiered",23.4,58.32,81.72,"0
13
21","3.899
4.484
5.157"
"Golden State Water Company - Cordova",2017-04-20,"Monthly","ccf",15.0532797221393,2.48627627796878,4.37547538636364,"Uniform",12.38,26.36,38.74,NA,"1.751"
"Golden State Water Company - Cowan Heights",2018-01-01,"Monthly","ccf",15,3,4,"Tiered",23.4,61.33,84.73,"0
13
21","3.899
4.848
5.157"
"Golden State Water Company - Culver City",2018-01-01,"Monthly","ccf",6.1740518379085,2.2,4.604765,"Tiered",25.79,24.79,50.58,"0
11
15","4.016
4.619
5.311"
"Golden State Water Company - Florence Graham",2018-01-01,"Monthly","ccf",8.08832941746842,3.82553512623491,4.54605045454545,"Tiered",25.79,32.48,58.27,"0
11
15","4.016
4.619
5.311"
"Golden State Water Company - Hawthorne",2018-01-01,"Monthly","ccf",15,3,4,"Tiered",25.79,63.95,89.74,"0
11
15","4.016
4.619
5.311"
"Golden State Water Company - Lakewood",2018-01-01,"Monthly","ccf",15,3,4,"Tiered",25.79,63.95,89.74,"0
11
15","4.016
4.619
5.311"
"Golden State Water Company - Norwalk",2018-01-01,"Monthly","ccf",8.92785231389954,3.55497276578576,4.35694568181818,"Tiered",25.79,35.85,61.64,"0
11
15","4.016
4.619
5.311"
"Golden State Water Company - Placentia",2018-01-01,"Monthly","ccf",10.4502210370735,2.8542385884158,4.32835090909091,"Tiered",23.4,40.75,64.15,"0
13
21","3.899
4.484
5.157"
"Golden State Water Company - San Dimas",2017-04-01,"Monthly","ccf",12.5371084979739,2.75751369900924,4.35367977272727,"Tiered",23.13,48.27,71.4,"0
14
22","3.85
4.428
5.092"
"Golden State Water Company - San Gabriel",2018-01-01,"Monthly","ccf",8.77462894169245,3.42491563554556,4.46490159090909,"Tiered",23.4,34.21,57.61,"0
13
21","3.899
4.484
5.157"
"Golden State Water Company - South Arcadia",2018-01-01,"Monthly","ccf",10.1219156565904,2.87279817130563,4.49197931818182,"Tiered",23.4,39.47,62.87,"0
13
21","3.899
4.484
5.157"
"Golden State Water Company - West Orange",2018-04-06,"Monthly","ccf",9.06874041088463,2.92306539141906,4.19231045454545,"Tiered",23.1,34.91,58.01,"0
13
21","3.85
4.428
5.092"
"Golden State Water Company Bell-Bell Gardens",2017-04-01,"Monthly","ccf",8.3385160385839,3.78915977037203,4.43420272727273,"Tiered",25.04,32.54,57.58,"0
12
16","3.902
4.487
5.16"
"Golden State Water Company Orcutt",2017-04-20,"Monthly","ccf",14.41870163835,2.61256103721165,3.97777613636364,"Tiered",25.56,40.8,66.36,"0
16
28","2.83
3.255
3.743"
"Golden State Water Company Simi Valley",2017-07-19,"Monthly","ccf",10.6958905041442,2.82810980626823,4.75892590909091,"Tiered",26.33,39.65,65.98,"0
13
20","3.707
4.264
4.903"
"Goleta Water District",2017-04-01,"Monthly","ccf",5.6276101303781,2.68220640569395,4.05637340909091,"Tiered",47.57,27.29,74.86,"0
7
17","4.85
5.97
6.57"
"Greenfield City Of",2016-08-01,"Monthly","kgal",11,3.94337714863498,4.24489477272727,"Tiered",14.8,10.47,35.94,"0
8
15","1.17
1.75
3.35"
"Groveland Community Services District",2017-05-01,"Monthly","kgal",8,2.02302631578947,4.62646590909091,"Tiered",36.28,65.12,101.4,"0
3.3","7
13.85"
"Grover Beach  City Of",2017-08-01,"Monthly","ccf",6.33593832273621,2.31860003608154,4.07219463414634,"Uniform",12.08,39.09,51.17,NA,"6.17"
"Hayward  City of",2016-10-01,"bimonthly","ccf",6,3.00256145718453,7.89740954545455,"Tiered",10.88,38.35,49.22,"0
9
26","5.8
7.14
8.41"
"Healdsburg  City Of",2017-07-01,"Monthly","ccf",8.83770973131446,2.40862520848225,3.83790938636364,"Uniform",21.01,44.1,65.11,NA,"4.99"
"Helix Water District",2018-03-01,"Bi-Monthly","ccf",8,2.649057454483,8.63487954545455,"Tiered",23.93,40.31,64.25,"0
14
34","4.65
5.46
6.79"
"Hemet  City Of",2018-01-01,"Monthly","ccf",6.88587169123661,2.46110783736005,5.13125068181818,"Uniform",30.49,31.26,61.75,NA,"4.54"
"Hesperia Water District City of",2018-01-01,"Bi-Monthly","ccf",14,3.18545094643078,9.46608090909091,"Tiered",23.05,17.87,40.91,"0
14
35","0.92
1.65
2.24"
"Hi Desert Water District",2011-07-01,"Monthly","ccf",6.89020828537209,2.34600928587221,5.47558931818182,"Tiered",23.3,30.81,54.11,"0
5
11
29","3.59
5.69
6.89
9.08"
"Hillsborough  Town Of",2018-01-01,"Monthly","ccf",23.6484262228649,2.91031726205346,3.88212720930233,"Tiered",68.68,172.52,241.2,"0
10
22
35","5.98
7.59
10.43
15.92"
"Hollister  City Of",2018-01-01,"Monthly","ccf",11.2166779042557,3.36501397675445,4.15800097560976,"Tiered",13.29,44.86,58.15,"0
9
15","3.38
5.54
6.34"
"Humboldt Bay Municipal Water District",2017-07-01,"Monthly","ccf",7.36249495710223,2.24094080576187,4.28089234090909,"Tiered",23.77,5.58,29.35,"0
5
15
50
1000","0
1.66
1.79
1.96
0.71"
"Humboldt Community Services District",2017-08-01,"Monthly","ccf",5.44918615608131,2.33372025536854,4.28784911363636,"Uniform",33.67,19.4,53.07,NA,"3.56"
"Huntington Beach City of",2017-03-04,"monthly","ccf",8.74854279690795,2.49519618428066,4.27663363636364,"Uniform",11.53,17.4,28.93,NA,"1.9892"
"Huntington Park  City of",2017-01-01,"monthly","ccf",5.94886444140335,3.51187821942031,4.45591204545455,"Uniform",6.35,15.11,21.46,NA,"2.54"
"Imperial  City Of",2018-01-01,"Monthly","ccf",11.9686152409871,2.99188823794502,6.06745136363636,"Uniform",13.06,40.21,53.27,NA,"3.36"
"Indian Wells Valley Water District",2017-02-01,"Monthly","ccf",14.5304923245799,2.43985252507931,5.48462568181818,"Tiered",41.41,10.87,52.28,"0
7
24
45","0.56
0.88
2.39
4.65"
"Indio  City Of",2018-01-01,"Monthly","ccf",15.4738680391598,2.84052708877285,6.08463295454545,"Budget",21.16,21.52,42.68,"0
indoor
100%
200%
400%","1.05
1.58
2.11
3.16
4.2"
"Joshua Basin Water District",2017-01-01,"Monthly","ccf",8.47424708062791,2.14838709677419,5.77651441860465,"Tiered",25.78,27.16,52.94,"0
6
11
21","3
3.5
4
4.5"
"Jurupa Community Service District",2018-01-01,"Monthly","ccf",17.8556978781495,3.44388864723793,4.72266727272727,"Tiered",36.46,26.6,63.06,"0
20
50
100","1.49
1.89
2.18
2.43"
"Kelly Mutual Water Company",2016-10-16,"Bi-Monthly","ccf",15,3,8,"Uniform",90,60,150,NA,"4"
"Kerman  City Of",2017-07-01,"Monthly","kgal",19,3.59620253164557,4.99486325581395,"Uniform",16.17,11.8,27.97,NA,"0.85"
"Kingsburg  City Of",2017-04-01,"Monthly","kgal",20,2.6124905944319,4.88579840909091,"Tiered",32.25,12.63,44.88,"0
11
22","0.8
0.95
1.14"
"La Habra  City Of",2018-02-01,"Monthly","ccf",15,3,4,"Tiered",19.17,42.41,61.58,"0
9
16","2.16
3.59
4.31"
"Laguna Beach County Water District",2017-11-01,"Bi-Monthly","ccf",8,2.04957564327091,9.12139636363636,"Budget",16.18,31.39,47.57,"0
100%","4.17
7.85"
"Lake Arrowhead Community Services District",2017-01-01,"Monthly","ccf",4.77268406617488,2.50634478489632,4.67808886363636,"Tiered",38.23,6.89,45.12,"0
5
14
31","1.26
2.39
7.09
14.78"
"Lakewood  City Of",2018-01-01,"Bi-Monthly","ccf",9,2.80863884950375,8.48371727272727,"Uniform",7.5,32.63,40.13,NA,"3.5"
"Lamont Public Utility District",2017-01-01,"monthly","ccf",16.8392327546915,3.71084734586218,5.01236068181818,"Uniform",26.86,6.9,33.76,NA,"0.41"
"Las Virgenes Municipal Water District",2017-01-01,"monthly","ccf",18.3525341598295,2.57920664681446,4.68521159090909,"Budget",21.73,59.97,111.59,"0
indoor
101%
150%","2.46
3.24
4
5.02"
"Lathrop  City Of",2018-01-01,"Monthly","kgal",15,3,4,"Uniform",22.9,44.77,67.67,NA,"3.99"
"Lemoore  City Of",2018-01-01,"Monthly","ccf",15.2298606078127,2.76509787588505,5.247605,"Uniform",17,16.75,33.75,NA,"1.1"
"Liberty Utilities - Norwalk",2018-01-01,"Monthly","ccf",15,3,4,"Tiered",34.8,92.38,129.78,"0
9","5.756
6.619"
"Lincoln  City Of",2017-07-01,"Monthly","kgal",12,2.425353758276,4.431634,"Tiered",38.13,21.17,59.3,"0
5
14
21
35","1.78
2.9
4.84
8.86
12.04"
"Lincoln Avenue Water Company",2017-05-01,"Monthly","ccf",10.3987674054321,2.63185185185185,4.66015409090909,"Tiered",29.9,36.56,70.21,"0
7
20
40","3.3
3.81
4.19
4.61"
"Linda County Water District",2017-08-01,"Monthly","ccf",17.0170893759028,3.08362573099415,4.37647765909091,"Uniform",19.45,45.95,65.4,NA,"2.7"
"Livermore  City of",2017-01-01,"monthly","ccf",9.95763746011435,2.77150671307807,4.39335590909091,"Tiered",15.38,33.27,48.65,"0
6
36","3.066
3.619
5.444"
"Livingston  City Of",2017-09-01,"Monthly","kgal",17,3.73230769230769,4.72120402272727,"Uniform",12.15,34.6,46.75,NA,"2.71"
"Lodi  City of Public Works Department",2017-07-01,"Monthly","ccf",12.8192054988978,2.66734310037616,4.65795954545455,"Tiered",21.87,13.66,35.53,"0
10
50","0.97
1.29
1.6"
"Lomita  City of",2018-07-01,"Bi-Monthly","ccf",8,2.36592286856701,8.83813,"Tiered",21.45,32.02,53.47,"0
20
35","4.12
4.24
4.82"
"Lompoc  City Of",2017-07-01,"Monthly","ccf",6.95166833042791,2.77449139280125,3.73323931818182,"Tiered",47.15,30.1,77.25,"0
10
20","4.33
4.63
5.53"
"Long Beach City of",2016-10-01,"monthly","ccf",6.76884698895832,2.61203637860698,4.23301340909091,"Tiered",14.87,12.18,27.05,"0
6
16","1.427
2.854
4.281"
"Los Angeles County Waterworks District 21 - Kagel Canyon",2016-10-01,"Monthly","ccf",15,3,4,"Uniform",40.55,87.36,127.91,NA,"5.824"
"Los Angeles County Waterworks District 29 - Malibu & Marina Del Rey",2017-01-01,"Monthly","ccf",20.3494827717972,2.04969485614647,4.60374386363636,"Tiered",37.81,134.65,172.46,"0
21
51","6.598
7.703
10.986"
"Los Angeles County Waterworks District 36 - Val Verde",2017-01-01,"Monthly","ccf",15,3,4,"Uniform",20.52,40.52,61.04,NA,"2.701"
"Los Angeles County Waterworks District 37 - Acton",2017-01-01,"Monthly","ccf",15,3,4,"Uniform",16.86,16.52,33.37,NA,"1.101"
"Los Angeles County Waterworks District 40 - Antelope Valley",2017-01-01,"Monthly","ccf",17.5325193094162,3.10393900889454,5.17765704545455,"Tiered",25.26,18.94,44.19,"0
21
66","1.08
1.26
1.8"
"Los Angeles Department of Water and Power",2017-01-01,"bimonthly","ccf",8,2.57455757526053,9.37656227272727,"Tiered",0,45.68,45.68,"0
17
55
131","5.892
7.341
8.206
8.206"
"Los Banos  City Of",2015-07-01,"Monthly","ccf",13.4125459396879,3.08868144690782,4.70556186363636,"Tiered",21.25,0,21.25,"0
15","0
1.64"
"Lower Lake County Waterworks District No. 1",2015-06-30,"Monthly","ccf",15,3,4,"Tiered",59.64,24.25,83.89,"0
11
26
46
71
96","1.5
1.85
2
2.5
3
4"
"Lynwood  City Of",2017-07-01,"Monthly","ccf",7.17582675883308,3.92541801114696,4.40868357142857,"Uniform",15.35,25.33,40.68,NA,"3.53"
"Madera  City Of",2017-07-01,"Monthly","ccf",15,3,4,"Tiered",16.84,23.37,40.21,"0
10
33","1.33
1.9
3.2"
"Manhattan Beach  City Of",2014-01-01,"Bi-Monthly","ccf",9,2.51687845949949,9.02655045454545,"Tiered",20.23,39.73,59.96,"0
14
48","4.28
5.86
9.38"
"Marin Municipal Water District",2017-07-01,"Bi-Monthly","ccf",8,2.32219579813163,7.57792622727273,"Tiered",23.31,32.15,55.46,"0
27
60
100","4.07
7.13
12.07
19.45"
"Marina Coast Water District - Central Marina",2018-01-01,"Monthly","ccf",6.35531372580693,2.61470120639671,3.39402863636364,"Tiered",22.36,17.67,40.03,"0
9
17","2.78
3.19
5.63"
"Marina Coast Water District - Ord Community",2018-01-01,"Monthly","ccf",6.35531372580693,2.61470120639671,3.39402863636364,"Tiered",38.79,23.39,62.18,"0
9
17","3.68
5.65
7.62"
"Martinez  City of",2017-03-31,"bimonthly","ccf",5,2.34918160561185,7.8174456744186,"Uniform",29.72,22.01,51.73,NA,"4.34"
"McKinleyville Community Service District",2017-01-10,"monthly","ccf",5.90986614272559,2.51588408492174,4.12513662790698,"Tiered",24.55,8.21,32.76,"0
9","1.39
3.46"
"Menlo Park Water District  City Of",2017-07-01,"Monthly","ccf",7.94465771450599,2.81378396288933,4.15406707317073,"Tiered",22.49,49.61,72.1,"0
7","5.98
7.06"
"Merced  City Of",2017-01-01,"Monthly","ccf",17.397748650208,2.81439849427511,4.68836886363636,"Tiered",33.66,0,33.66,"0
30","0
0.87"
"Mesa Water District",2014-01-01,"Bi-Monthly","ccf",9,2.55067236848885,8.96674904761905,"Uniform",17.25,30.94,48.19,NA,"3.62"
"Mid-Peninsula Water District",2017-07-01,"Monthly","ccf",7.78802490928772,2.44590544329498,3.90614977272727,"Tiered",24,58.82,82.82,"0
3
9
21","5.62
8.22
9.82
11.42"
"Millbrae  City Of",2017-07-01,"bimonthly","ccf",7,2.61590965500124,7.79275363636364,"Uniform",10,56.01,66.01,NA,"8"
"Mission Springs Water District",2018-03-01,"Monthly","ccf",13.0812454205203,2.73110401856956,5.37855837209302,"Tiered",11.36,25.6,36.96,"0
13","1.9
2.59"
"Modesto  City Of",2016-09-01,"Monthly","ccf",16.0869413617504,2.79233914905073,4.69909954545455,"Uniform",20.79,28.8,49.59,NA,"1.79"
"Monrovia  City Of",2018-03-08,"Monthly","ccf",12.1832490980285,2.6012986065514,4.54427590909091,"Uniform",30.56,22.05,52.61,NA,"1.81"
"Monte Vista Water District ",2018-01-01,"Bi-Monthly","ccf",12,3.30531262237306,8.97299909090909,"Budget",20.32,38.45,58.77,"0
indoor
100%
150%","2.04
2.71
5.17
5.92"
"Montebello Land And Water Company",2017-07-01,"Bi-Monthly","ccf",7,2.66466841513676,8.88918909090909,"Tiered",16.18,12.34,28.51,"0
20
32","1.66
1.86
2.21"
"Monterey Park  City Of",2018-09-01,"Monthly","ccf",9.17858019847322,2.83159786458058,4.39287727272727,"Tiered",21.25,22.02,59.5,"0
7
13","2.33
2.53
2.71"
"Morgan Hill  City Of",2018-01-01,"Monthly","ccf",10.2876031592165,2.88113666519239,3.83589302325581,"Uniform",27.07,23.04,50.11,NA,"2.24"
"Morro Bay  City Of",2017-07-01,"Monthly","ccf",4.83452035399351,1.94728915662651,4.23512045454545,"Tiered",28,31.26,59.26,"0
3
10
50","5
7.5
10
13"
"Moulton Niguel Water District",2018-01-01,"Monthly","ccf",10.060399397894,2.5881568461626,4.570905,"Budget",11.22,18.02,29.24,"0
indoor
100%
125%
150%","1.69
1.94
3.32
5.12
9.59"
"Mountain View  City Of",2017-07-01,"Monthly","ccf",5.66962767499451,2.27719070069907,3.83076113636364,"Tiered",15,35.15,50.15,"0
3
15","5.1
6.8
10.88"
"Myoma Dunes Mutual Water Company",2016-06-01,"Monthly","ccf",26.7660993667999,2.4219096965211,5.99167261904762,"Budget",14.67,35.81,50.48,"0
indoor
100%
200%","0.97
1.41
1.5
1.63"
"Napa  City Of",2017-12-01,"Bi-Monthly","kgal",8,2.60298742138365,7.49233004545455,"Tiered",14.29,25.75,40.04,"0
15
28","4.07
5.94
7.68"
"Napa County Public Works - Lake Berryessa Resort Improvement District",2013-06-04,"Bi-Monthly","kgal",15,3,8,"Uniform",57.5,43.2,100.7,NA,"3.85"
"Napa County Public Works - Napa Berryessa Resort Improvement District (NBRID)",2011-02-01,"Bi-Monthly","kgal",15,3,8,"Uniform",32.5,44.88,77.38,NA,"4"
"Newhall County Water District",2017-07-01,"Monthly","ccf",14.9144547794562,3.12187260168841,5.06169,"Uniform",15.96,44.28,60.24,NA,"2.969"
"Newport Beach  City Of",2017-04-05,"Monthly","ccf",8.96703699265843,2.15651332705379,4.48602386363636,"Uniform",17.27,27.62,44.89,NA,"3.08"
"Nipomo Community Service District",2017-12-01,"Bi-Monthly","ccf",14,2.88494318181818,7.72685318181818,"Uniform",21.25,68.94,90.19,NA,"4.97"
"Norco City Of",2017-07-01,"Monthly","ccf",19.0455252768287,3.07628114715562,4.57674636363636,"Uniform",39.42,42.28,81.7,NA,"2.22"
"North Coast County Water District",2018-01-01,"Bi-Monthly","ccf",5,2.58527628320096,7.63008863636364,"Tiered",26.7,36.47,63.17,"0
5
16
28","6.64
7.73
12.63
20.56"
"North Lone Pine Mutual Water Company",2002-01-01,"Bi-Monthly","ccf",15,3,8,"0",12.5,0,12.5,NA,NA
"North Marin Water District",2017-06-01,"Bi-Monthly","kgal",9,2.3770388712023,7.54619363636364,"Tiered",15.75,33.52,49.27,"0
19
56","5.01
7.99
13.91"
"North Marin Water District - West Marin",2017-07-01,"Bi-Monthly","kgal",15,3,8,"Tiered",15.75,114.75,130.5,"0
12
27","8.55
11.84
18.99"
"North Yuba Water District",2017-08-22,"Bi-Monthly","ccf",15,3,8,"1.49*usage_ccf",9.41,22.35,31.76,NA,NA
"Norwalk Municipal Water System",2017-07-16,"Bi-Monthly","ccf",15,3,8,"Uniform",26.89,56.1,83,NA,"3.74"
"Oak Park Water Service",2017-07-01,"Monthly","ccf",14.4859493851485,2.64660463274599,4.69904113636364,"Tiered",28.02,89.59,117.61,"0
7
28","5.71
6.52
8.06"
"Oceanside  City Of",2017-01-01,"monthly","ccf",8.07529544764336,2.58848781766643,4.47429204545455,"Tiered",20.19,19.78,39.97,"0
14","2.45
3.06"
"Oildale Mutual Water Company",2012-01-01,"Monthly","ccf",18.1734079373292,2.55600933488915,4.9721825,"Uniform",21.25,18.72,39.97,NA,"1.03"
"Olivehurst Public Utility District",2017-01-01,"Monthly","ccf",15,3,4,"Tiered",15,13.5,28.5,"0
7","0
1.5"
"Ontario  City Of",2017-09-01,"Monthly","ccf",11.7959691584423,3.19979980397473,4.66939659090909,"Tiered",0,28.78,28.78,"0
15","2.44
2.84"
"Orange  City Of",2018-01-01,"Bi-Monthly","ccf",13,2.93308726601635,8.89278545454546,"Tiered",12.94,27.37,40.31,"0
24
43","2.16
2.22
2.3"
"Orange Vale Water Company",2016-01-01,"Monthly","ccf",17.2899241168912,2.37785990848293,4.4652870952381,"Tiered",24.19,11.41,35.6,"0
15","0.66
0.66"
"Orchard Dale Water District",2017-07-01,"Bi-Monthly","ccf",8,3.18983382209189,8.73239636363636,"Uniform",27.1,23.27,50.37,NA,"2.75"
"Paradise Irrigation District",2016-04-08,"monthly","ccf",12.0255520402368,2.2080216802168,4.373926,"Uniform",33.34,19.48,52.82,NA,"1.62"
"Park Water Company",2016-06-01,"monthly","ccf",15,3,4,"Tiered",32.96,87.58,120.54,"0
9","5.457
6.275"
"Pasadena  City Of",2017-10-01,"Monthly","ccf",9.84088409928758,2.37267831629849,4.62881522727273,"Tiered",17.51,16.32,33.83,"0
9
16
20","1.36885
2.91559
3.40171
4.13089"
"Paso Robles  City Of",2017-07-01,"Monthly","ccf",10.3471635166409,2.64036326942482,4.48494181818182,"Uniform",4.83,51.74,56.57,NA,"5"
"Phelan Pinon Hills Community Services District",2017-07-01,"Monthly","ccf",9.9069938449337,2.83427076520602,4.99874795454545,"Tiered",17.9,23.28,41.18,"0
13","2.35
3.71"
"Pico Rivera  City Of",2017-12-14,"Monthly","ccf",9.69882677507396,3.31087329898269,4.42998886363636,"Tiered",14.56,12.78,27.34,"0
8
12","1.24
1.52
2.05"
"Pismo Beach  City Of",2017-06-01,"Monthly","ccf",6.99234817377914,1.88840453356582,4.17644095238095,"Tiered",29.02,20.77,49.79,"0
10
20
35","2.97
3.67
4.34
5.93"
"Pittsburg  City Of",2017-01-01,"monthly","ccf",10.0192302245508,3.10337348022147,4.38026245454545,"Tiered",24.29,35.67,59.96,"0
1
15","0.01
3.56
5.27"
"Placer County Water Agency",2017-01-01,"Bi-Monthly","ccf",14,2.50876074482819,8.87475236363636,"Tiered",16.82,23,39.82,"0
4
10
20
40
58
77","1.44
1.55
1.65
1.78
1.89
2.21
2.48"
"Pleasanton  City Of",2017-01-15,"bimonthly","ccf",10,2.76044400464656,8.75325272727273,"Tiered",13.54,39.39,52.93,"0
21
41","3.74
4.105
4.3354"
"Pomona  City of",2017-01-01,"bimonthly","ccf",10,3.4036198381843,8.74351454545454,"Tiered",33.39,11.16,44.55,"0
16
76","0.96
1.75
3.13"
"Port Hueneme  City Of",2012-07-01,"Monthly","ccf",6.75760578171794,2.93015030946065,4.25411113636364,"Uniform",37.62,25.68,63.3,NA,"3.8"
"Poway  City Of ",2017-01-01,"bimonthly","ccf",15,2.85879410571853,8.69127590909091,"Tiered",18.64,74.52,93.16,"0
200","4.96
7.07"
"Quail Valley Water District",2017-01-01,"Monthly","ccf",15,3,4,"Uniform",77.66,74.85,152.51,NA,"4.99"
"Quartz Hill Water District",2018-01-01,"Monthly","ccf",22.1850029439201,2.85342353423534,5.20573840909091,"Budget",29.95,65.79,95.74,"0
indoor
100%
130%","1.11
1.51
2.79
5.23"
"Rainbow Municipal Water District",2018-03-01,"Monthly","ccf",19.3370042800397,2.42268830373546,4.73996181818182,"Tiered",61.46,72.44,133.9,"0
11
27","3.64
3.86
4.27"
"Ramona Municipal Water District",2018-01-01,"Monthly","ccf",13.5306791708767,2.95959846325443,4.46009522727273,"Uniform",32.33,76.99,109.32,NA,"5.69"
"Redlands  City Of",2016-07-01,"bimonthly","ccf",19,2.64590450795767,10.1584423809524,"Tiered",17.68,30.61,48.29,"0
17
28","1.18
1.45
2.2"
"Reedley  City Of",2018-01-01,"Monthly","kgal",10,3.29610096063289,4.76329954545455,"Tiered",31.08,7.39,38.47,"0
15
25","1.02
1.07
1.12"
"Rialto  City Of",2017-01-01,"Monthly","ccf",15.3920265229505,3.66048773076046,4.86586681818182,"Tiered",30.25,23.53,53.78,"0
5
30
60","1.07
1.69
2.69
3.31"
"Rincon Del Diablo Municipal Water District",2018-01-01,"Monthly","kgal",12,2.57030914555603,4.35205454545455,"Tiered",34.23,62.39,96.62,"0
6
25","6.68
7.7
8.14"
"Rio Dell  City Of",2017-07-01,"Monthly","kgal",15,3,4,"3.04*usage_ccf*1.333",46.63,45.47,92.1,NA,NA
"Rio Linda Water District",2017-07-20,"Bi-Monthly","ccf",17,2.91126279863481,8.94545590909091,"Tiered",42.33,8.23,50.55,"0
6","0
0.55"
"Ripon  City Of",2018-01-01,"Monthly","ccf",17.555690850083,2.69177253478524,4.6581588372093,"Uniform",31.7,15.62,47.32,NA,"0.89"
"Riverbank  City Of",2019-07-01,"Monthly","kgal",15,3.09714175357281,4.5233725,"Uniform",27.07,9.57,36.64,NA,"0.84"
"Riverside  City Of",2014-04-22,"monthly","ccf",12.5340398063753,2.98062474359726,4.90063636363636,"Tiered",13.99,14.29,28.28,"0
16
36
61","1.14
1.83
2.85
4.1"
"Rohnert Park  City Of",2018-01-01,"Monthly","kgal",6,2.46961325966851,3.70140797727273,"Tiered",20.2,14.62,37.32,"0
4","3.08
4.17"
"Rosamond Community Service District",2017-07-01,"monthly","ccf",12.6264910215519,2.93201236138884,5.19733840909091,"Tiered",33.53,27.27,60.8,"0
16
31
51","2.16
2.55
2.91
3.45"
"Rowland Water District",2018-01-01,"Monthly","ccf",10.2888926355973,3.17900837089504,4.37245454545455,"Tiered",33.44,28.6,62.04,"0
9
16","2.62
3.34
4.62"
"Rubio Canyon Land And Water Association",2017-06-01,"Monthly","ccf",15.8033574628911,2.53139269406393,4.64306590909091,"Tiered",31.5,43.97,75.47,"0
12
26","2.6
3.2
3.7"
"Running Springs Water District",2017-07-01,"Monthly","ccf",15,3,4,"Uniform",29.92,67.05,96.97,NA,"4.47"
"Sacramento  City Of",2017-07-01,"Monthly","ccf",10.2352646219604,2.49525917623984,4.53691061363636,"Uniform",29.52,12.34,41.86,NA,"1.2055"
"Sacramento Suburban Water District",2018-01-01,"Monthly","ccf",10.9328568969088,2.50289867764253,4.44173604545455,"Tiered",6.14,10.72,50.43,"0
10","0.94
1.17"
"San Bernardino City of",2016-10-01,"monthly","ccf",14.5395435675618,3.28682016673283,4.88397409090909,"Uniform",20.15,16.72,41.23,NA,"1.15"
"San Bernardino County Service Area 64 Spring Valley Lake",2017-11-14,"Monthly","ccf",11.3604725526095,2.76569037656904,5.58085659090909,"Tiered",28.2,9.66,37.86,"0
14
80","0.85
0.98
1.12"
"San Bernardino County Service Area 70 J Oak Hills",2017-07-01,"Monthly","ccf",11.178776390902,3.29536842105263,5.03388522727273,"Tiered",30.4,23.36,53.76,"0
14
72
108
144
180","2.09
2.4
3.09
3.27
3.6
3.77"
"San Bruno  City Of",2017-07-01,"Monthly","ccf",4.98533483404157,2.69989118607182,3.86733837209302,"Tiered",22.1,38.79,60.89,"0
10
20","7.78
9.31
12.38"
"San Clemente  City Of",2018-01-01,"Monthly","ccf",8.57444946766566,2.41698759092854,4.64984761904762,"Uniform",18.71,35.76,54.47,NA,"4.17"
"San Diego  City Of",2016-08-01,"monthly","ccf",6.23904082805401,2.47332764187784,4.12794568181818,"Tiered",23.92,29.31,53.23,"0
5
13
19","4.504
5.044
7.206
10.134"
"San Dieguito Water District",2017-01-01,"Bi-Monthly","ccf",11,2.41195372750643,8.41616,"Tiered",22.92,37.83,60.75,"0
13
21
41","2.81
4.46
5.51
6.28"
"San Francisco Public Utilities Commission",2017-07-01,"Monthly","ccf",15,3,4,"Tiered",14.64,120.5,135.14,"0
5","6.42
8.62"
"San Gabriel County Water District ",2018-01-01,"Bi-Monthly","ccf",10,2.93869012039962,9.10520363636364,"Tiered",20.09,18.22,38.31,"0
30","1.87
3.55"
"San Gabriel Valley Fontana Water Company",2017-01-07,"monthly","ccf",15.00407138544,3.67517106352058,4.78898227272727,"Uniform",20.57,41.67,62.24,NA,"2.7772"
"San Gabriel Valley Water Company",2017-07-01,"Monthly","ccf",8.9837067487429,3.37694456123491,4.44399204545455,"Tiered",33.65,28.55,62.2,"0
14","3.178
3.6375"
"San Jose Water Company",2017-01-01,"monthly","ccf",8.15884164321167,2.85309885919144,3.833795,"Tiered",25.02,36.86,61.88,"0
4
19","4.221
4.69
5.159"
"San Juan Water District",2018-01-01,"Monthly","ccf",28.8401747798037,2.59679971865659,4.35747656818182,"Uniform",48.9,26.53,75.43,NA,"0.92"
"San Lorenzo Valley Water District",2017-10-01,"Monthly","ccf",7.77473803449737,2.32132928986606,3.61087209302326,"Uniform",28.27,78.68,106.95,NA,"10.12"
"San Luis Obispo  City Of",2017-07-01,"Monthly","ccf",5.14496635402955,2.2509461426492,4.23316,"Tiered",12.33,37.4,49.73,"0
9","7.27
9.08"
"Santa Ana  City of",2017-07-01,"Bi-Monthly","ccf",10,3.81608450171543,8.74587045454545,"Tiered",13.4,27.27,40.67,"0
44","2.82
3.38"
"Santa Barbara  City Of",2017-08-15,"Monthly","ccf",6.20698684234489,2.38161649100332,3.80119681818182,"Tiered",37.65,54.88,92.53,"0
4
16","4.44
12.96
23.89"
"Santa Clara  City Of",2017-01-01,"monthly","ccf",7.0094718101205,2.59394343834135,3.91342840909091,"Tiered",25.26,12.63,37.89,"0
15
50","1.8015
2.0094
2.6417"
"Santa Clarita Water Division",2017-01-01,"Monthly","ccf",15.1199958143904,2.91795033008488,5.19709022727273,"Tiered",25.26,27.47,52.73,"0
15
50","1.8015
2.0094
2.6417"
"Santa Fe Irrigation District",2017-07-01,"Bi-Monthly","ccf",35,2.34935353271516,8.35792454545455,"Tiered",40.52,132.53,173.06,"0
16
38
165","2.3
2.8
5.16
6.01"
"Santa Fe Springs  City Of",2016-08-11,"Monthly","ccf",8.86375063221405,3.01541010770505,4.36641068181818,"Tiered",12.4,28.1,40.5,"0
18
36
100
400","3.17
3.62
4.14
4.24
4.34"
"Santa Margarita Water District",2017-01-01,"monthly","ccf",11.0132119894881,2.85136815920398,4.67069590909091,"Budget",21.79,19.75,78.39,"0
indoor
101%
151%
201%","1.67
1.94
2.44
2.95
4.84"
"Santa Maria  City Of",2017-07-01,"Monthly","ccf",10.0842221557062,3.52252334737228,3.95836068181818,"Tiered",34.73,43.29,78.02,"0
5
10
15","3.786
4.491
5.249
5.976"
"Santa Monica City of",2017-01-01,"bimonthly","ccf",6,1.84127346261537,8.98160954545455,"Tiered",0,17.19,17.19,"0
15
41
149","3.01
4.5
6.76
10.57"
"Santa Paula  City Of",2018-01-01,"Monthly","ccf",12.7923249568041,3.21758302328786,4.422495,"Tiered",43.81,32.71,76.52,"0
12
18","2.47
3.09
3.86"
"Scotts Valley Water District",2017-12-13,"Bi-Monthly","kgal",8,2.78109452736318,7.14376333333333,"Tiered",54.22,48.15,102.37,"0
6
12
16","5.63
9.82
15.72
18.99"
"Shafter  City Of",2017-07-01,"Monthly","kgal",20,3.56486865851213,4.89578068181818,"Uniform",34,10.7,44.7,NA,"0.7"
"Shasta Lake  City Of",2017-08-01,"Monthly","ccf",10.6837622146339,2.42580849714648,4.06506463333333,"Tiered",24.56,21.54,46.1,"0
8
20","1.92
2.2
2.76"
"Sierra Estates Mutual Water Company",2017-02-01,"Monthly","kgal",15,3,4,"Tiered",55.51,14.08,69.59,"0
9
25","1.16
1.49
2.14"
"Sierra Madre  City Of",2017-07-01,"Bi-Monthly","ccf",16,2.39745627980922,9.18680558139535,"Tiered",38.3,50.14,88.44,"0
11
33
66","2.58
3.36
3.95
5.36"
"Soledad  City Of",2018-01-01,"Monthly","ccf",12.6560232540227,3.81946966945151,4.05198045454545,"Tiered",18.48,20.99,39.47,"0
7
23","1.48
1.82
3.81"
"Sonoma  City Of",2018-01-01,"Monthly","ccf",8.62815134875941,2.07488151658768,3.72005156818182,"Uniform",20.28,52.37,72.65,NA,"6.07"
"Soquel Creek Water District",2018-01-01,"Monthly","ccf",4.97860452843016,2.31332181230746,3.54406340909091,"Tiered",32.95,38.73,71.68,"0
4
8
14","6.9
9.11
21.01
44.01"
"South Coast Water District",2017-07-01,"Monthly","ccf",8.48489382630755,2.20733427362482,4.57792136363636,"Tiered",23.17,23.77,46.94,"0
6
19","2.74
2.89
3.05"
"South Feather Water and Power",2016-01-01,"monthly","ccf",26.8525247355478,2.47709303584967,4.576942,"Tiered",15,9.4,24.4,"0
101","0.35
0.35"
"South Gate  City Of",2017-07-01,"Monthly","ccf",8.88509050525518,3.66052293184741,4.46124,"Uniform",0,53.13,53.13,NA,"5.98"
"South Pasadena  City Of",2018-01-01,"Bi-Monthly","ccf",10,2.41156797167027,9.30931023255814,"Tiered",36.98,29.85,66.84,"0
15
30","2.93
3.69
4.32"
"South Tahoe Public Utility District",2017-07-01,"Quarterly","ccf",6.30563857770936,2.31419660390435,4.46011965909091,"Tiered",134.2,6.56,140.76,"0
46","1.04
1.56"
"Stockton  City Of",2016-08-01,"monthly","ccf",11.9780376353647,2.96328331476749,4.83087214285714,"Tiered",28,23.96,52.19,"0
16","2
2.39"
"Suburban Water Systems - San Jose Hills",2017-01-01,"Monthly","ccf",15,3,4,"Tiered",19.66,41.56,61.22,"0
20","2.771
3.111"
"Suburban Water Systems - Whittier-La Mirada",2017-01-01,"Monthly","ccf",12.2403057812829,2.9525628599122,4.33790318181818,"Tiered",19.66,30.56,50.22,"0
20","2.497
2.818"
"Sunny Slope County Water Company",2017-12-21,"Monthly","ccf",10.0371892419219,2.80460457467484,4.5786125,"Tiered",31.59,30.97,62.56,"0
11
21","3.08
4.56
6.77"
"Sunny Slope Water Company",2017-05-01,"Monthly","ccf",10.0371892419219,2.80460457467484,4.5786125,"Tiered",18.44,27.86,46.3,"0
8","2.34
3.78"
"Sunnyvale  City Of",2017-07-01,"Monthly","ccf",6.46086694196363,2.55382840076025,3.84941860465116,"Tiered",19.05,29.55,48.6,"0
5","4.22
5.15"
"Susanville  City Of",2012-08-12,"monthly","ccf",16.532266521305,2.17470256731371,4.46493738636364,"Tiered",23.65,0,23.65,"0
301
1501
4001
6501
10001","0
1.25
1.37
1.49
1.57
1.65"
"Sweetwater Authority",2017-03-04,"monthly","ccf",7.05569296911567,2.89631352282515,4.23866363636364,"Tiered",21.8,27.23,54.77,"0
11
17
28","3.86
4.75
6.39
6.9"
"Tahoe City Public Utilities District ",2018-02-02,"Monthly","kgal",6,2.01352874859076,4.47913402272727,"Tiered",70.25,10.84,81.09,"0
8
20
40","2.48
3.38
4.93
8.25"
"Thousand Oaks  City Of",2018-01-01,"Monthly","ccf",12.0482828033998,2.57202377645686,4.64906681818182,"Tiered",25.31,57.44,82.75,"0
12
30","4.74
5.06
5.47"
"Tracy  City Of",2008-04-01,"Monthly","ccf",13.6051263829251,3.2561736770692,5.01059162790698,"Tiered",11.7,13.61,25.31,"0
19
30
287","1
1.45
1.65
1.8"
"Truckee-Donner Public Utility District",2018-01-01,"Monthly","kgal",8,2.24128342245989,4.47441456818182,"Tiered",65.67,4.31,69.98,"0
8","0.73
0.92"
"Tulare City Of",2017-10-01,"Monthly","kgal",16,3.09279593779752,4.83805045454545,"Tiered",13.76,10.54,24.3,"0
9
30","0.744
1.218
1.627"
"Tuolumne Utilities District",2018-01-01,"Monthly","ccf",15,3,4,"Tiered",56.5,36,92.5,"0
4","0
3"
"Turlock  City Of",2019-01-01,"Monthly","kgal",13,2.59627366765471,4.71357697727273,"Uniform",33,9.09,42.09,NA,"0.94"
"Tustin  City Of",2014-07-01,"Bi-Monthly","ccf",14,2.90402139910233,8.93785181818182,"Tiered",17.93,20.02,43.44,"0
10
20
30
40
50
60","0.84
1.48
1.94
2.41
3.05
3.53
4.05"
"Twentynine Palms Water District",2018-01-01,"Bi-Monthly","ccf",10,2.39484095584744,11.8119309090909,"Uniform",12.32,29.17,41.49,NA,"2.96"
"Ukiah City Of",2018-01-01,"Monthly","ccf",8.1341258791077,2.44030343007916,4.19008957894737,"Uniform",35.68,24.73,60.41,NA,"3.04"
"Upland  City of",2018-04-01,"Bi-Monthly","ccf",16,2.58007733382434,9.19002863636364,"Tiered",29.7,31.94,61.64,"0
20
50","1.76
2.32
2.78"
"Vacaville  City Of",2018-01-01,"Monthly","ccf",11.9787150284481,2.64795242141037,4.56978261363636,"Uniform",21.61,20.36,41.97,NA,"1.7"
"Valencia Water Company",2018-01-01,"Monthly","ccf",11.4351871613998,2.65316193735822,5.02140477272727,"Uniform",17.19,19.94,37.13,NA,"1.744"
"Vallejo  City Of - Vallejo Service Area",2017-06-09,"Monthly","ccf",15,3,4,"Tiered",19.45,65.9,85.34,"0
11","3.4
6.38"
"Vallejo City Of - Lakes Service Area",2017-06-09,"Monthly","ccf",15,3,4,"Tiered",41.08,197.37,238.44,"0
13","11.84
18.43"
"Valley County Water District ",2018-01-01,"Bi-Monthly","ccf",10,3.71247440541818,8.99786272727273,"Tiered",14.91,13.68,28.59,"0
17
31","1.16
1.85
3.22"
"Valley Estates Properties Owners Association",2017-01-01,"Bimonthly","kgal",15,3,8,"Tiered",13.75,0,13.75,"0
200
300
400","0
0.25
0.5
0.75"
"Valley Of The Moon Water District",2018-02-01,"Bi-Monthly","kgal",8,2.76319040056467,7.44675340909091,"Tiered",12.8,36.74,49.54,"0
4","3.99
6.65"
"Vaughn Water Company",2018-01-01,"Monthly","ccf",35.2237975236621,2.84635832004253,4.96287386363636,"Tiered",39.38,11.36,50.74,"0
34
68","0.32
0.36
1.15"
"Ventura City Of",2017-07-01,"Bi-Monthly","ccf",15,3,8,"Tiered",16.84,74.59,91.44,"0
7
15
31","2.77
3.75
6.41
9.64"
"Ventura County Waterworks District No 01 - Moorpark",2017-03-15,"Monthly","ccf",16.3838352195864,3.08649203903441,4.66957636363636,"Tiered",10.41,57.08,67.49,"0
10
25","3.2
3.83
4.4"
"Vernon  City Of",2015-03-01,"Monthly","ccf",5.40336225981302,2.96428571428571,4.63074952380952,"Uniform",11.29,9.9,21.19,NA,"1.832"
"Victorville Water District",2016-07-01,"Monthly","ccf",14.7700056323699,3.27669474056187,5.38814928571429,"Uniform",11.78,25.83,37.61,NA,"1.749"
"Virgin Valley Water District",2015-04-20,"Monthly","kgal",15,3,4,"Tiered",35,25.05,60.05,"0
7
19
54","2
2.5
3.5
5"
"Vista Irrigation District",2017-07-01,"Monthly","ccf",9.34312978418123,2.86863812810006,4.43801409090909,"Tiered",37.05,39.8,76.85,"0
10
60","4.24
4.78
4.78"
"Walnut Valley Water District",2017-01-01,"monthly","ccf",14.3649520755301,3.02861554297478,4.34677340909091,"Tiered",19.43,43.66,63.09,"1
13
40","2.97
3.39
3.39"
"Watsonville  City Of",2017-07-01,"Monthly","ccf",9.2493650637237,3.37968277479479,3.607725,"Tiered",25.8,30.8,56.6,"0
5
10","2.99
3.53
4.78"
"West Sacramento  City Of",2021-07-01,"Monthly","ccf",11.3625901515632,2.60762293687255,4.56678363636364,"Uniform",24.61,27.61,52.22,NA,"2.43"
"West San Martin Water Works",2017-07-17,"Monthly","ccf",15,3,4,"Tiered",23.45,38.76,62.21,"0
9","2.382
2.815"
"West Valley Water District",2015-01-01,"Monthly","ccf",20.3390348037388,3.56130938849739,4.84077954545455,"Tiered",22.21,45.25,67.46,"0
10
50","2.13
2.3
2.53"
"Westborough Water District",2016-09-08,"Monthly","ccf",5.30057291362255,2.94427317998577,3.8120275,"Uniform",17.7,34.35,52.05,NA,"6.48"
"Westhaven Community Services District",2017-07-01,"Monthly","kgal",15,3,4,"Uniform",49.4,157.87,207.27,NA,"14.07"
"Westminister  City Of",2017-11-09,"Bi-Monthly","ccf",10,3.05907188622644,8.51339954545455,"Tiered",7.08,28.23,35.3,"0
29","2.92
3.52"
"Whittier  City Of",2017-08-01,"Bi-Monthly","ccf",10,2.7807082714215,8.57681857142857,"Tiered",20.18,19.36,39.53,"0
40","1.89
2.63"
"Windsor  Town Of",2017-07-01,"Bi-Monthly","kgal",8,2.65185498659896,7.62267595454545,"Tiered",5.62,23.22,28.84,"0
4
7
17","3.12
3.4
4.8
6.2"
"Woodland  City Of",2021-01-01,"Monthly","ccf",9.32643308563214,2.70842191332788,4.64472772727273,"Tiered",55.65,37.12,92.77,"0
1201
3601","3.98
4.79
5.89"
"Yorba Linda Water District",2017-08-01,"Monthly","ccf",17.4635301538168,2.91126279863481,4.47272795454546,"Uniform",19.45,47.15,66.6,NA,"2.7"
"Yreka  City Of",2012-10-01,"Monthly","kgal",9,2.19183313748531,4.11204334090909,"Tiered",41.08,12.86,53.94,"0
10
35","1.86
2.05
2.23"
"Yucaipa Valley Water District",2017-03-07,"Monthly","kgal",19,2.64468550023412,5.00503090909091,"Tiered",14,20.58,34.58,"0
15
60
100","1.429
1.919
2.099
2.429"
